Model,Baseline F1,Tuned F1
Isolation Forest,0.28856172140430353,0.345041260762058
One-Class SVM,0.24264271730010256,0.27293558516506833
LOF,0.17420378556046695,0.1823688587671607
