fold,global_mean_of_means,global_mean_of_stds,max_abs_mean,max_abs_std
1,0.0034293487063523386,0.8241746473161514,0.022812447227307162,1.406776500110301
2,-0.0006380234424835185,0.8366650477557945,0.021916698237032198,1.2313657503407969
3,0.00431804768160244,0.8582720169796476,0.021862197679444664,1.5409693521610754
