max_features,n_estimators,random_state,mean_f1,std_f1,mean_recall,std_recall,mean_precision,std_precision,mean_auc
0.75,100,42,0.29647055103380265,0.019706990813906866,0.22459349593495936,0.019138816926592868,0.43692239687238765,0.01340977873164178,0.6727681499611311
0.5,100,42,0.28330209973748277,0.015700123602405903,0.2110433604336043,0.01270212280437173,0.43097383736448047,0.02084398498942052,0.6524926294145909
0.75,50,42,0.27972929290672327,0.019369931803339253,0.2100271002710027,0.016477488491890655,0.4190836166501704,0.02258384122284917,0.6856115510856303
0.5,200,42,0.2784067166006185,0.00770910019537904,0.20596205962059622,0.005398840599765999,0.4296309568634826,0.015559945864161007,0.6712751804435375
1.0,200,42,0.27719671050513367,0.0175273236353526,0.2035907859078591,0.016224837418466195,0.43502537788252077,0.014799921330734843,0.6790657491983286
1.0,100,42,0.2702711421845622,0.01244753145024496,0.1937669376693767,0.009688583771053576,0.44666348427491426,0.016561582079530245,0.6801864780039732
0.75,200,42,0.2583150257961479,0.010295053389970001,0.18936314363143633,0.008872493803325752,0.4065139423732216,0.0129888547387744,0.6525597727653073
1.0,50,42,0.24307222853231844,0.018582595300495646,0.17039295392953932,0.014966613844427183,0.4244115909397417,0.02044794547585761,0.686920424669884
0.5,50,42,0.237575428179121,0.02997771060424315,0.1700542005420054,0.0229103501611259,0.39434468038134396,0.04192214249701768,0.6542556063010828
