contamination,mean_f1
0.05,0.15915786948069185
0.1,0.2962719889582575
0.15,0.4110447308047611
0.2,0.42353200833158416
0.25,0.4125552057761677
