n_jobs,n_neighbors,novelty,mean_f1,std_f1,mean_recall,std_recall,mean_precision,std_precision,mean_auc
-1,60,True,0.21386929515134243,0.012700464636986977,0.21002710027100271,0.016623095049302573,0.2180806128375443,0.00865536932548792,0.5095689818638724
-1,40,True,0.19745299267622174,0.0021191647741767776,0.19613821138211382,0.002195372865314319,0.1988332118054212,0.003718422684606556,0.5073010380564463
-1,20,True,0.17902784267061725,0.017057146808845975,0.1663279132791328,0.01693089295338726,0.19391616821923185,0.017279094032705892,0.5223158855094526
-1,5,True,0.16144475474972075,0.010194301176127154,0.15752032520325204,0.010976864326571583,0.16558585342202325,0.00930531064028187,0.5508488572809035
-1,10,True,0.1454167611716357,0.00932100674081154,0.13380758807588075,0.010441080628334994,0.15945364823991925,0.009178911223822308,0.5560875147782852
