contamination,mean_f1
0.05,0.05343911798109948
0.1,0.1385161158072651
0.15,0.1827566492400745
0.2,0.21840581280776017
0.25,0.24183948250533716
