Model,Recall_Normal,Recall_Anomaly,Precision_Normal,Precision_Anomaly
Isolation Forest,0.8627091282653361,0.46247828951308617,0.867547225501771,0.45218715231012474
One-Class SVM,0.8452597593190491,0.39426244235491403,0.8506276768571851,0.38436386991300286
Local Outlier Factor,0.7803346052245377,0.13715038629693957,0.786812471329851,0.13269208483022366
Autoencoder,0.8890519518638098,0.5634545127867282,0.8926019242953337,0.5544554455445545
Second Autoencoder,0.9447461109480482,0.790740851649997,0.9485184694042935,0.7781117397454032
Ensemble Autoencoder,0.8346786028764309,0.9529855662693897,0.9863857093305585,0.5854950877580307
