Epoch,Loss
1,0.31528562659394666
2,0.13187710217265977
3,0.11760683646364434
4,0.11140977590282146
5,0.10668636013773593
6,0.09777959484808844
7,0.07816854893032626
8,0.08622626053193838
9,0.07819774308378008
10,0.05562654937417147
