Model,F1-Score,AUC-ROC
Isolation Forest,0.4401692958830319,0.6900940473252095
One-Class SVM,0.3890166932106412,0.6181055203626844
Local Outlier Factor,0.1371371371371371,0.4422515590161274
Autoencoder,0.5717510767859795,0.8812402460688555
